ElCinema_ID,Channel_Name,Suggested_tvg_id,Logo,Guide_URL,Programs,Status
1136,Abu Dhabi TV,elcinema.1136,https://media0106.elcinema.com/tvguide/1136_1.png,https://elcinema.com/en/tvguide/1136/,39,HAS_PROGRAMS
1312,Al Aoula Morocco,elcinema.1312,https://media0106.elcinema.com/tvguide/1312_1.png,https://elcinema.com/en/tvguide/1312/,63,HAS_PROGRAMS
1264,Al Dafrah,elcinema.1264,https://media0106.elcinema.com/tvguide/1264_1.png,https://elcinema.com/en/tvguide/1264/,22,HAS_PROGRAMS
1216,Al Jadeed TV,elcinema.1216,https://media0106.elcinema.com/tvguide/1216_1.png,https://elcinema.com/en/tvguide/1216/,46,HAS_PROGRAMS
1174,Al Kahera Wal Nas TV,elcinema.1174,https://media0106.elcinema.com/tvguide/1174_1.png,https://elcinema.com/en/tvguide/1174/,25,HAS_PROGRAMS
1252,Al Kahera Wal Nas TV 2,elcinema.1252,https://media0106.elcinema.com/tvguide/1252_1.png,https://elcinema.com/en/tvguide/1252/,26,HAS_PROGRAMS
1223,Al Nahar Drama,elcinema.1223,https://media0106.elcinema.com/tvguide/1223_1.png,https://elcinema.com/en/tvguide/1223/,0,NO_PROGRAMS
1193,Al Nahar TV,elcinema.1193,https://media0106.elcinema.com/tvguide/1193_1.png,https://elcinema.com/en/tvguide/1193/,42,HAS_PROGRAMS
1382,Alaraby TV 2,elcinema.1382,https://media0106.elcinema.com/tvguide/1382_1.png,https://elcinema.com/en/tvguide/1382/,60,HAS_PROGRAMS
1137,Alhayat TV,elcinema.1137,https://media0106.elcinema.com/tvguide/1137_1.png,https://elcinema.com/en/tvguide/1137/,40,HAS_PROGRAMS
1101,Aloula,elcinema.1101,https://media0106.elcinema.com/tvguide/1101_1.png,https://elcinema.com/en/tvguide/1101/,36,HAS_PROGRAMS
1306,Alrasheed,elcinema.1306,https://media0106.elcinema.com/tvguide/1306_1.png,https://elcinema.com/en/tvguide/1306/,10,HAS_PROGRAMS
1339,AlSaeedah,elcinema.1339,https://media0106.elcinema.com/tvguide/1339_1.png,https://elcinema.com/en/tvguide/1339/,53,HAS_PROGRAMS
1269,AlSharqiya,elcinema.1269,https://media0106.elcinema.com/tvguide/1269_1.png,https://elcinema.com/en/tvguide/1269/,53,HAS_PROGRAMS
1301,Alsumaria,elcinema.1301,https://media0106.elcinema.com/tvguide/1301_1.png,https://elcinema.com/en/tvguide/1301/,35,HAS_PROGRAMS
1398,Althania,elcinema.1398,https://media0106.elcinema.com/tvguide/1398_1.png,https://elcinema.com/en/tvguide/1398/,19,HAS_PROGRAMS
1298,Amman,elcinema.1298,https://media0106.elcinema.com/tvguide/1298_1.png,https://elcinema.com/en/tvguide/1298/,48,HAS_PROGRAMS
1309,beIN Drama,elcinema.1309,https://media0106.elcinema.com/tvguide/1309_1.png,https://elcinema.com/en/tvguide/1309/,0,NO_PROGRAMS
1323,BEIN MOVIES ACTION,elcinema.1323,https://media0106.elcinema.com/tvguide/1323_1.png,https://elcinema.com/en/tvguide/1323/,30,HAS_PROGRAMS
1324,BEIN MOVIES DRAMA,elcinema.1324,https://media0106.elcinema.com/tvguide/1324_1.png,https://elcinema.com/en/tvguide/1324/,32,HAS_PROGRAMS
1325,BEIN MOVIES FAMILY,elcinema.1325,https://media0106.elcinema.com/tvguide/1325_1.png,https://elcinema.com/en/tvguide/1325/,35,HAS_PROGRAMS
1322,BEIN MOVIES PREMIERE,elcinema.1322,https://media0106.elcinema.com/tvguide/1322_1.png,https://elcinema.com/en/tvguide/1322/,32,HAS_PROGRAMS
1327,BeIn Series HD 1,elcinema.1327,https://media0106.elcinema.com/tvguide/1327_1.png,https://elcinema.com/en/tvguide/1327/,0,NO_PROGRAMS
1328,beIN Series HD 2,elcinema.1328,https://media0106.elcinema.com/tvguide/1328_1.png,https://elcinema.com/en/tvguide/1328/,0,NO_PROGRAMS
1198,CBC,elcinema.1198,https://media0106.elcinema.com/tvguide/1198_1.png,https://elcinema.com/en/tvguide/1198/,24,HAS_PROGRAMS
1199,CBC Drama,elcinema.1199,https://media0106.elcinema.com/tvguide/1199_1.png,https://elcinema.com/en/tvguide/1199/,0,NO_PROGRAMS
1176,Cima,elcinema.1176,https://media0106.elcinema.com/tvguide/1176_1.png,https://elcinema.com/en/tvguide/1176/,29,HAS_PROGRAMS
1385,Dijlah TV,elcinema.1385,https://media0106.elcinema.com/tvguide/1385_1.png,https://elcinema.com/en/tvguide/1385/,56,HAS_PROGRAMS
1272,Discovery,elcinema.1272,https://media0106.elcinema.com/tvguide/1272_1.png,https://elcinema.com/en/tvguide/1272/,13,HAS_PROGRAMS
1290,DMC,elcinema.1290,https://media0106.elcinema.com/tvguide/1290_1.png,https://elcinema.com/en/tvguide/1290/,20,HAS_PROGRAMS
1292,DMC DRAMA,elcinema.1292,https://media0106.elcinema.com/tvguide/1292_1.png,https://elcinema.com/en/tvguide/1292/,2,HAS_PROGRAMS
1173,Dubai One,elcinema.1173,https://media0106.elcinema.com/tvguide/1173_1.png,https://elcinema.com/en/tvguide/1173/,13,HAS_PROGRAMS
1169,Dubai TV,elcinema.1169,https://media0106.elcinema.com/tvguide/1169_1.png,https://elcinema.com/en/tvguide/1169/,36,HAS_PROGRAMS
1283,Dubai Zaman,elcinema.1283,https://media0106.elcinema.com/tvguide/1283_1.png,https://elcinema.com/en/tvguide/1283/,48,HAS_PROGRAMS
1315,Echorouk TV,elcinema.1315,https://media0106.elcinema.com/tvguide/1315_1.png,https://elcinema.com/en/tvguide/1315/,45,HAS_PROGRAMS
1119,Egyptian TV,elcinema.1119,https://media0106.elcinema.com/tvguide/1119_1.png,https://elcinema.com/en/tvguide/1119/,36,HAS_PROGRAMS
1135,Emirates,elcinema.1135,https://media0106.elcinema.com/tvguide/1135_1.png,https://elcinema.com/en/tvguide/1135/,28,HAS_PROGRAMS
1302,Fujairah,elcinema.1302,https://media0106.elcinema.com/tvguide/1302_1.png,https://elcinema.com/en/tvguide/1302/,39,HAS_PROGRAMS
1374,Hadhramaut TV,elcinema.1374,https://media0106.elcinema.com/tvguide/1374_1.png,https://elcinema.com/en/tvguide/1374/,54,HAS_PROGRAMS
1204,iFILM TV,elcinema.1204,https://media0106.elcinema.com/tvguide/1204_1.png,https://elcinema.com/en/tvguide/1204/,1,HAS_PROGRAMS
1349,Iraqia TV,elcinema.1349,https://media0106.elcinema.com/tvguide/1349_1.png,https://elcinema.com/en/tvguide/1349/,44,HAS_PROGRAMS
1314,Jordan TV,elcinema.1314,https://media0106.elcinema.com/tvguide/1314_1.png,https://elcinema.com/en/tvguide/1314/,64,HAS_PROGRAMS
1341,LBC,elcinema.1341,https://media0106.elcinema.com/tvguide/1341_1.png,https://elcinema.com/en/tvguide/1341/,14,HAS_PROGRAMS
1168,LBCI,elcinema.1168,https://media0106.elcinema.com/tvguide/1168_1.png,https://elcinema.com/en/tvguide/1168/,25,HAS_PROGRAMS
1246,LDC,elcinema.1246,https://media0106.elcinema.com/tvguide/1246_1.png,https://elcinema.com/en/tvguide/1246/,25,HAS_PROGRAMS
1313,LTV,elcinema.1313,https://media0106.elcinema.com/tvguide/1313_1.png,https://elcinema.com/en/tvguide/1313/,13,HAS_PROGRAMS
1401,Masah,elcinema.1401,https://media0106.elcinema.com/tvguide/1401_1.png,https://elcinema.com/en/tvguide/1401/,55,HAS_PROGRAMS
1336,Maspero Zaman,elcinema.1336,https://media0106.elcinema.com/tvguide/1336_1.png,https://elcinema.com/en/tvguide/1336/,34,HAS_PROGRAMS
1127,MBC,elcinema.1127,https://media0106.elcinema.com/tvguide/1127_1.png,https://elcinema.com/en/tvguide/1127/,5,HAS_PROGRAMS
1128,MBC 2,elcinema.1128,https://media0106.elcinema.com/tvguide/1128_1.png,https://elcinema.com/en/tvguide/1128/,37,HAS_PROGRAMS
1241,MBC 3,elcinema.1241,https://media0106.elcinema.com/tvguide/1241_1.png,https://elcinema.com/en/tvguide/1241/,5,HAS_PROGRAMS
1129,MBC 4,elcinema.1129,https://media0106.elcinema.com/tvguide/1129_1.png,https://elcinema.com/en/tvguide/1129/,0,NO_PROGRAMS
1354,MBC 5,elcinema.1354,https://media0106.elcinema.com/tvguide/1354_1.png,https://elcinema.com/en/tvguide/1354/,9,HAS_PROGRAMS
1130,MBC Action,elcinema.1130,https://media0106.elcinema.com/tvguide/1130_1.png,https://elcinema.com/en/tvguide/1130/,30,HAS_PROGRAMS
1259,MBC Bollywood,elcinema.1259,https://media0106.elcinema.com/tvguide/1259_1.png,https://elcinema.com/en/tvguide/1259/,6,HAS_PROGRAMS
1194,MBC Drama,elcinema.1194,https://media0106.elcinema.com/tvguide/1194_1.png,https://elcinema.com/en/tvguide/1194/,0,NO_PROGRAMS
1131,MBC Drama +,elcinema.1131,https://media0106.elcinema.com/tvguide/1131_1.png,https://elcinema.com/en/tvguide/1131/,0,NO_PROGRAMS
1239,MBC Egypt,elcinema.1239,https://media0106.elcinema.com/tvguide/1239_1.png,https://elcinema.com/en/tvguide/1239/,0,NO_PROGRAMS
1340,MBC Iraq,elcinema.1340,https://media0106.elcinema.com/tvguide/1340_1.png,https://elcinema.com/en/tvguide/1340/,2,HAS_PROGRAMS
1278,MBC MASR 2,elcinema.1278,https://media0106.elcinema.com/tvguide/1278_1.png,https://elcinema.com/en/tvguide/1278/,1,HAS_PROGRAMS
1399,MBC Masr Drama,elcinema.1399,https://media0106.elcinema.com/tvguide/1399_1.png,https://elcinema.com/en/tvguide/1399/,0,NO_PROGRAMS
1132,MBC MAX,elcinema.1132,https://media0106.elcinema.com/tvguide/1132_1.png,https://elcinema.com/en/tvguide/1132/,29,HAS_PROGRAMS
1145,Mehwar,elcinema.1145,https://media0106.elcinema.com/tvguide/1145_1.png,https://elcinema.com/en/tvguide/1145/,32,HAS_PROGRAMS
1355,Mix,elcinema.1355,https://media0106.elcinema.com/tvguide/1355_1.png,https://elcinema.com/en/tvguide/1355/,11,HAS_PROGRAMS
1371,Mix Bel Araby,elcinema.1371,https://media0106.elcinema.com/tvguide/1371_1.png,https://elcinema.com/en/tvguide/1371/,7,HAS_PROGRAMS
1373,Mix ONE,elcinema.1373,https://media0106.elcinema.com/tvguide/1373_1.png,https://elcinema.com/en/tvguide/1373/,9,HAS_PROGRAMS
1296,MTV,elcinema.1296,https://media0106.elcinema.com/tvguide/1296_1.png,https://elcinema.com/en/tvguide/1296/,51,HAS_PROGRAMS
1275,National Geographic,elcinema.1275,https://media0106.elcinema.com/tvguide/1275_1.png,https://elcinema.com/en/tvguide/1275/,13,HAS_PROGRAMS
1304,Nessma,elcinema.1304,https://media0106.elcinema.com/tvguide/1304_1.png,https://elcinema.com/en/tvguide/1304/,47,HAS_PROGRAMS
1242,Network Arabic,elcinema.1242,https://media0106.elcinema.com/tvguide/1242_1.png,https://elcinema.com/en/tvguide/1242/,0,NO_PROGRAMS
1156,Nile Drama,elcinema.1156,https://media0106.elcinema.com/tvguide/1156_1.png,https://elcinema.com/en/tvguide/1156/,2,HAS_PROGRAMS
1159,Nile Life,elcinema.1159,https://media0106.elcinema.com/tvguide/1159_1.png,https://elcinema.com/en/tvguide/1159/,39,HAS_PROGRAMS
1317,Oman,elcinema.1317,https://media0106.elcinema.com/tvguide/1317_1.png,https://elcinema.com/en/tvguide/1317/,10,HAS_PROGRAMS
1134,ON Drama,elcinema.1134,https://media0106.elcinema.com/tvguide/1134_1.png,https://elcinema.com/en/tvguide/1134/,0,NO_PROGRAMS
1203,ON E,elcinema.1203,https://media0106.elcinema.com/tvguide/1203_1.png,https://elcinema.com/en/tvguide/1203/,24,HAS_PROGRAMS
1405,One Drama,elcinema.1405,https://media0106.elcinema.com/tvguide/1405_1.png,https://elcinema.com/en/tvguide/1405/,0,NO_PROGRAMS
1404,One Movies,elcinema.1404,https://media0106.elcinema.com/tvguide/1404_1.png,https://elcinema.com/en/tvguide/1404/,12,HAS_PROGRAMS
1257,OSN TV Comedy,elcinema.1257,https://media0106.elcinema.com/tvguide/1257_1.png,https://elcinema.com/en/tvguide/1257/,0,NO_PROGRAMS
1395,OSN TV Crime,elcinema.1395,https://media0106.elcinema.com/tvguide/1395_1.png,https://elcinema.com/en/tvguide/1395/,0,NO_PROGRAMS
1232,OSN TV Kids,elcinema.1232,https://media0106.elcinema.com/tvguide/1232_1.png,https://elcinema.com/en/tvguide/1232/,0,NO_PROGRAMS
1211,OSN TV Movies Action,elcinema.1211,https://media0106.elcinema.com/tvguide/1211_1.png,https://elcinema.com/en/tvguide/1211/,27,HAS_PROGRAMS
1231,OSN TV Movies Comedy,elcinema.1231,https://media0106.elcinema.com/tvguide/1231_1.png,https://elcinema.com/en/tvguide/1231/,33,HAS_PROGRAMS
1392,OSN TV Movies Family,elcinema.1392,https://media0106.elcinema.com/tvguide/1392_1.png,https://elcinema.com/en/tvguide/1392/,39,HAS_PROGRAMS
1391,OSN TV Movies Hollywood,elcinema.1391,https://media0106.elcinema.com/tvguide/1391_1.png,https://elcinema.com/en/tvguide/1391/,33,HAS_PROGRAMS
1213,OSN TV Movies Premiere,elcinema.1213,https://media0106.elcinema.com/tvguide/1213_1.png,https://elcinema.com/en/tvguide/1213/,33,HAS_PROGRAMS
1396,OSN TV Now,elcinema.1396,https://media0106.elcinema.com/tvguide/1396_1.png,https://elcinema.com/en/tvguide/1396/,11,HAS_PROGRAMS
1393,OSN TV One,elcinema.1393,https://media0106.elcinema.com/tvguide/1393_1.png,https://elcinema.com/en/tvguide/1393/,10,HAS_PROGRAMS
1394,OSN TV Showcase,elcinema.1394,https://media0106.elcinema.com/tvguide/1394_1.png,https://elcinema.com/en/tvguide/1394/,0,NO_PROGRAMS
1390,OSN TV Yahala Bil Arabi,elcinema.1390,https://media0106.elcinema.com/tvguide/1390_1.png,https://elcinema.com/en/tvguide/1390/,0,NO_PROGRAMS
1205,OSN Ya Hala,elcinema.1205,https://media0106.elcinema.com/tvguide/1205_1.png,https://elcinema.com/en/tvguide/1205/,0,NO_PROGRAMS
1285,Osn Ya Hala Aflam,elcinema.1285,https://media0106.elcinema.com/tvguide/1285_1.png,https://elcinema.com/en/tvguide/1285/,36,HAS_PROGRAMS
1289,Rotana Cinema,elcinema.1289,https://media0106.elcinema.com/tvguide/1289_1.png,https://elcinema.com/en/tvguide/1289/,30,HAS_PROGRAMS
1148,Rotana Cinema Masr,elcinema.1148,https://media0106.elcinema.com/tvguide/1148_1.png,https://elcinema.com/en/tvguide/1148/,30,HAS_PROGRAMS
1217,Rotana Classic,elcinema.1217,https://media0106.elcinema.com/tvguide/1217_1.png,https://elcinema.com/en/tvguide/1217/,38,HAS_PROGRAMS
1358,Rotana Comedy,elcinema.1358,https://media0106.elcinema.com/tvguide/1358_1.png,https://elcinema.com/en/tvguide/1358/,28,HAS_PROGRAMS
1147,Rotana Drama,elcinema.1147,https://media0106.elcinema.com/tvguide/1147_1.png,https://elcinema.com/en/tvguide/1147/,0,NO_PROGRAMS
1149,Rotana Khalejia,elcinema.1149,https://media0106.elcinema.com/tvguide/1149_1.png,https://elcinema.com/en/tvguide/1149/,31,HAS_PROGRAMS
1299,Roya,elcinema.1299,https://media0106.elcinema.com/tvguide/1299_1.png,https://elcinema.com/en/tvguide/1299/,26,HAS_PROGRAMS
1226,Sada El Balad,elcinema.1226,https://media0106.elcinema.com/tvguide/1226_1.png,https://elcinema.com/en/tvguide/1226/,38,HAS_PROGRAMS
1279,Sada El Balad 2,elcinema.1279,https://media0106.elcinema.com/tvguide/1279_1.png,https://elcinema.com/en/tvguide/1279/,47,HAS_PROGRAMS
1227,Sada El Balad Drama,elcinema.1227,https://media0106.elcinema.com/tvguide/1227_1.png,https://elcinema.com/en/tvguide/1227/,0,NO_PROGRAMS
1177,Sama Dubai,elcinema.1177,https://media0106.elcinema.com/tvguide/1177_1.png,https://elcinema.com/en/tvguide/1177/,50,HAS_PROGRAMS
1352,Saudiya TV,elcinema.1352,https://media0106.elcinema.com/tvguide/1352_1.png,https://elcinema.com/en/tvguide/1352/,56,HAS_PROGRAMS
1297,SBC,elcinema.1297,https://media0106.elcinema.com/tvguide/1297_1.png,https://elcinema.com/en/tvguide/1297/,28,HAS_PROGRAMS
1188,Sharjah TV,elcinema.1188,https://media0106.elcinema.com/tvguide/1188_1.png,https://elcinema.com/en/tvguide/1188/,63,HAS_PROGRAMS
1330,Star Action,elcinema.1330,https://media0106.elcinema.com/tvguide/1330_1.png,https://elcinema.com/en/tvguide/1330/,7,HAS_PROGRAMS
1212,Star Movies,elcinema.1212,https://media0106.elcinema.com/tvguide/1212_1.png,https://elcinema.com/en/tvguide/1212/,7,HAS_PROGRAMS
1329,Star World,elcinema.1329,https://media0106.elcinema.com/tvguide/1329_1.png,https://elcinema.com/en/tvguide/1329/,2,HAS_PROGRAMS
1280,TeN TV,elcinema.1280,https://media0106.elcinema.com/tvguide/1280_1.png,https://elcinema.com/en/tvguide/1280/,7,HAS_PROGRAMS
1366,Thikrayat Tv,elcinema.1366,https://media0106.elcinema.com/tvguide/1366_1.png,https://elcinema.com/en/tvguide/1366/,32,HAS_PROGRAMS
1367,Utv,elcinema.1367,https://media0106.elcinema.com/tvguide/1367_1.png,https://elcinema.com/en/tvguide/1367/,43,HAS_PROGRAMS
1308,Watania1,elcinema.1308,https://media0106.elcinema.com/tvguide/1308_1.png,https://elcinema.com/en/tvguide/1308/,18,HAS_PROGRAMS
1383,WTV,elcinema.1383,https://media0106.elcinema.com/tvguide/1383_1.png,https://elcinema.com/en/tvguide/1383/,54,HAS_PROGRAMS
1261,Zee alwan,elcinema.1261,https://media0106.elcinema.com/tvguide/1261_1.png,https://elcinema.com/en/tvguide/1261/,25,HAS_PROGRAMS
