channel_id,channel_name,channel_url,logo_url,category
baraemtv,BaraemTV,https://beinconnect.app/BaraemTV,https://www.bein.com/en/wp-content/uploads/sites/3/2020/06/Bara3em-1.png,entertainment
beindrama,beINDRAMA,https://beinconnect.app/beINDRAMA,https://assets.bein.com/mena/sites/3/2021/02/Drama_Stacked_nov_2024_200x200.png,entertainment
beingourmet,beINGOURMET,https://beinconnect.app/beINGOURMET,https://assets.bein.com/mena/sites/3/2015/06/GOURMET_DIGITAL_Mono.png,entertainment
beinjunior,beINJUNIOR,https://beinconnect.app/beINJUNIOR,https://www.bein.com/en/wp-content/uploads/sites/3/2020/06/beJUNIOR-1.png,entertainment
beinmovies1,beINMOVIES1,https://beinconnect.app/beINMOVIES1,https://assets.bein.com/mena/sites/3/2015/06/MOVIES1_PREMIERE_DIGITAL_Mono.png,entertainment
beinmovies2,beINMOVIES2,https://beinconnect.app/beINMOVIES2,https://assets.bein.com/mena/sites/3/2015/06/MOVIES2_ACTION_DIGITAL_Mono.png,entertainment
beinmovies3,beINMOVIES3,https://beinconnect.app/beINMOVIES3,https://assets.bein.com/mena/sites/3/2015/06/MOVIES3_DRAMA_DIGITAL_Mono.png,entertainment
beinmovies4,beINMOVIES4,https://beinconnect.app/beINMOVIES4,https://assets.bein.com/mena/sites/3/2015/06/MOVIES4_FAMILY_DIGITAL_Mono.png,entertainment
beinseries1,beINSERIES1,https://beinconnect.app/beINSERIES1,https://assets.bein.com/mena/sites/3/2015/06/SERIES1_DIGITAL_Mono.png,entertainment
beinseries2,beINSERIES2,https://beinconnect.app/beINSERIES2,https://assets.bein.com/mena/sites/3/2015/06/SERIES2_DIGITAL_Mono.png,entertainment
beinsport4,beINSPORT4,https://beinconnect.app/beINSPORT4,https://assets.bein.com/mena/sites/3/2015/06/beIN_SPORTS4_DIGITAL_Mono.png,sports
beinsports,beINSPORTS,https://beinconnect.app/beINSPORTS,https://assets.bein.com/mena/sites/3/2015/06/bein_SPORTS_FTA_DIGITAL_Mono.png,sports
beinsports1,beINSPORTS1,https://beinconnect.app/beINSPORTS1,https://assets.bein.com/mena/sites/3/2015/06/beIN_SPORTS1_DIGITAL_Mono.png,sports
beinsports1en,beINSPORTS1EN,https://beinconnect.app/beINSPORTS1EN,https://assets.bein.com/mena/sites/3/2015/06/beIN_SPORTS1_ENGLISH_Digital_Mono.png,sports
beinsports1fr,beINSPORTS1FR,https://beinconnect.app/beINSPORTS1FR,https://assets.bein.com/mena/sites/3/2015/06/beIN_SPORTS1_FRENCH_Digital_Mono.png,sports
beinsports2,beINSPORTS2,https://beinconnect.app/beINSPORTS2,https://assets.bein.com/mena/sites/3/2015/06/beIN_SPORTS2_DIGITAL_Mono.png,sports
beinsports2en,beINSPORTS2EN,https://beinconnect.app/beINSPORTS2EN,https://assets.bein.com/mena/sites/3/2015/06/beIN_SPORTS2_ENGLISH_Digital_Mono.png,sports
beinsports2fr,beINSPORTS2FR,https://beinconnect.app/beINSPORTS2FR,https://assets.bein.com/mena/sites/3/2015/06/beIN_SPORTS2_FRENCH_Digital_Mono.png,sports
beinsports3,beINSPORTS3,https://beinconnect.app/beINSPORTS3,https://assets.bein.com/mena/sites/3/2015/06/beIN_SPORTS3_DIGITAL_Mono.png,sports
beinsports5,beINSPORTS5,https://beinconnect.app/beINSPORTS5,https://assets.bein.com/mena/sites/3/2015/06/beIN_SPORTS5_DIGITAL_Mono.png,sports
beinsports6,beINSPORTS6,https://beinconnect.app/beINSPORTS6,https://assets.bein.com/mena/sites/3/2021/02/beIN_SPORTS66_DIGITAL_Mono-01.png,sports
beinsports7,beINSPORTS7,https://beinconnect.app/beINSPORTS7,https://assets.bein.com/mena/sites/3/2015/06/beIN_SPORTS7_DIGITAL_Mono.png,sports
beinsports8,beINSPORTS8,https://beinconnect.app/beINSPORTS8,https://assets.bein.com/mena/sites/3/2023/09/logos-_beINSPORTS8.png,sports
beinsports9,beINSPORTS9,https://beinconnect.app/beINSPORTS9,https://assets.bein.com/mena/sites/3/2023/09/logos-_beINSPORTS9.png,sports
beinsportsmax1,beINSPORTSMAX1,https://beinconnect.app/beINSPORTSMAX1,https://assets.bein.com/mena/sites/3/2015/06/beIN_SPORTS_MAX1_DIGITAL_Mono.png,sports
beinsportsmax2,beINSPORTSMAX2,https://beinconnect.app/beINSPORTSMAX2,https://assets.bein.com/mena/sites/3/2015/06/beIN_SPORTS_MAX2_DIGITAL_Mono.png,sports
beinsportsmax3,beINSPORTSMAX3,https://beinconnect.app/beINSPORTSMAX3,https://assets.bein.com/mena/sites/3/2015/06/beIN_SPORTS_MAX3_DIGITAL_Mono.png,sports
beinsportsmax4,beINSPORTSMAX4,https://beinconnect.app/beINSPORTSMAX4,https://assets.bein.com/mena/sites/3/2015/06/beIN_SPORTS_MAX4_DIGITAL_Mono.png,sports
beinsportsmax5,beINSPORTSMAX5,https://beinconnect.app/beINSPORTSMAX5,https://assets.bein.com/mena/sites/3/2015/06/beIN_SPORTS_MAX5_DIGITAL_Mono.png,sports
beinsportsmax6,beINSPORTSMAX6,https://beinconnect.app/beINSPORTSMAX6,https://assets.bein.com/mena/sites/3/2015/06/beIN_SPORTS_MAX6_DIGITAL_Mono.png,sports
beinsportsnews,beINSPORTSNews,https://beinconnect.app/beINSPORTSNews,https://assets.bein.com/mena/sites/3/2015/06/NEWS_DIGITAL_Mono.png,sports
beinsportsxtra1,beINSPORTSXTRA1,https://beinconnect.app/beINSPORTSXTRA1,https://assets.bein.com/mena/sites/3/2015/06/beIN_SPORTS_XTRA1_Digital_Mono.png,sports
beinsportsxtra2,beINSPORTSXTRA2,https://beinconnect.app/beINSPORTSXTRA2,https://assets.bein.com/mena/sites/3/2015/06/beIN_SPORTS_XTRA2_Digital_Mono.png,sports
beinsportsxtra3,beINSPORTSXTRA3,https://beinconnect.app/beINSPORTSXTRA3,https://assets.bein.com/mena/sites/3/2023/09/logos-_beINSPORTSXTRA3.png,sports
beinsportsxtra4,beINSPORTSXTRA4,https://beinconnect.app/beINSPORTSXTRA4,https://assets.bein.com/mena/sites/3/2025/01/beIN_SPORTS_XTRA_04_bein.com_.png,sports
beinsportsxtra5,beINSPORTSXTRA5,https://beinconnect.app/beINSPORTSXTRA5,https://assets.bein.com/mena/sites/3/2025/01/beIN_SPORTS_XTRA_05_bein.com_.png,sports
beinsportsxtra6,beINSPORTSXTRA6,https://beinconnect.app/beINSPORTSXTRA6,https://assets.bein.com/mena/sites/3/2025/01/beIN_SPORTS_XTRA_06_bein.com_.png,sports
beinsportsxtra7,beINSPORTSXTRA7,https://beinconnect.app/beINSPORTSXTRA7,https://assets.bein.com/mena/sites/3/2025/01/beIN_SPORTS_XTRA_07_bein.com_.png,sports
beinsportsxtra8,beINSPORTSXTRA8,https://beinconnect.app/beINSPORTSXTRA8,https://assets.bein.com/mena/sites/3/2025/01/beIN_SPORTS_XTRA_08_Bein.com_.png,sports
beinsportsxtra9,beINSPORTSXTRA9,https://beinconnect.app/beINSPORTSXTRA9,https://assets.bein.com/mena/sites/3/2025/01/beIN_SPORTS_XTRA_Digital_09_Bein.com_.png,sports
jeemtv,JeemTV,https://beinconnect.app/JeemTV,https://assets.bein.com/mena/sites/3/2020/06/Jeem-HD-1-01.png,entertainment
