channel_name,tvg_id,logo_url,bein_url,category
0001 AWG CN Brand Logo 1color Black 4C,0001 AWG CN Brand Logo 1color Black 4C,https://assets.bein.com/mena/sites/3/2015/06/0001_AWG_CN_Brand_Logo_1color_Black_4C.png,,Entertainment
0004 CNN International logo.svg,0004 CNN International logo.svg,https://assets.bein.com/mena/sites/3/2015/06/0004_CNN_International_logo.svg.png,,Entertainment
Alkass 1,Alkass 1,https://assets.bein.com/mena/sites/3/2020/06/2023_Alkass_1.png,,Sports
Alkass 2,Alkass 2,https://assets.bein.com/mena/sites/3/2020/06/2023_Alkass_2.png,,Sports
Alkass 3,Alkass 3,https://assets.bein.com/mena/sites/3/2020/06/2023_Alkass_3.png,,Sports
Alkass 4,Alkass 4,https://assets.bein.com/mena/sites/3/2020/06/2023_Alkass_4.png,,Sports
Alkass 5,Alkass 5,https://assets.bein.com/mena/sites/3/2020/06/2023_Alkass_5.png,,Sports
Alkass 7,Alkass 7,https://assets.bein.com/mena/sites/3/2020/06/2023_Alkass_7.png,,Sports
Alkass 8,Alkass 8,https://assets.bein.com/mena/sites/3/2020/06/2023_Alkass_8.png,,Sports
Baby-TV-2,Baby-TV-2,https://assets.bein.com/mena/sites/3/2021/11/Baby-TV-2.png,,Entertainment
Baraem,BaraemTV,https://www.bein.com/en/wp-content/uploads/sites/3/2020/06/Bara3em-1.png,https://beinconnect.app/BaraemTV,Entertainment
BBCEarth-new 200x200,BBCEarth-new 200x200,https://assets.bein.com/mena/sites/3/2020/06/BBCEarth-new_200x200.png,,Entertainment
beIN 4K,beIN 4K,https://assets.bein.com/mena/sites/3/2015/06/4k_DIGITAL_Mono.png,,Sports
Drama Stacked nov 2024 200x200,beINDRAMA,https://assets.bein.com/mena/sites/3/2021/02/Drama_Stacked_nov_2024_200x200.png,https://beinconnect.app/beINDRAMA,Entertainment
GOURMET,beINGOURMET,https://assets.bein.com/mena/sites/3/2015/06/GOURMET_DIGITAL_Mono.png,https://beinconnect.app/beINGOURMET,Entertainment
beJUNIOR-1,beINJUNIOR,https://www.bein.com/en/wp-content/uploads/sites/3/2020/06/beJUNIOR-1.png,https://beinconnect.app/beINJUNIOR,Entertainment
MOVIES1 PREMIERE,beINMOVIES1,https://assets.bein.com/mena/sites/3/2015/06/MOVIES1_PREMIERE_DIGITAL_Mono.png,https://beinconnect.app/beINMOVIES1,Entertainment
MOVIES2 ACTION,beINMOVIES2,https://assets.bein.com/mena/sites/3/2015/06/MOVIES2_ACTION_DIGITAL_Mono.png,https://beinconnect.app/beINMOVIES2,Entertainment
MOVIES3 DRAMA,beINMOVIES3,https://assets.bein.com/mena/sites/3/2015/06/MOVIES3_DRAMA_DIGITAL_Mono.png,https://beinconnect.app/beINMOVIES3,Entertainment
MOVIES4 FAMILY,beINMOVIES4,https://assets.bein.com/mena/sites/3/2015/06/MOVIES4_FAMILY_DIGITAL_Mono.png,https://beinconnect.app/beINMOVIES4,Entertainment
SERIES1,beINSERIES1,https://assets.bein.com/mena/sites/3/2015/06/SERIES1_DIGITAL_Mono.png,https://beinconnect.app/beINSERIES1,Entertainment
SERIES2,beINSERIES2,https://assets.bein.com/mena/sites/3/2015/06/SERIES2_DIGITAL_Mono.png,https://beinconnect.app/beINSERIES2,Entertainment
beIN SPORTS 4,beINSPORT4,https://assets.bein.com/mena/sites/3/2015/06/beIN_SPORTS4_DIGITAL_Mono.png,https://beinconnect.app/beINSPORT4,Sports
beIN SPORTS FTA,beINSPORTS,https://assets.bein.com/mena/sites/3/2015/06/bein_SPORTS_FTA_DIGITAL_Mono.png,https://beinconnect.app/beINSPORTS,Sports
beIN SPORTS 1,beINSPORTS1,https://assets.bein.com/mena/sites/3/2015/06/beIN_SPORTS1_DIGITAL_Mono.png,https://beinconnect.app/beINSPORTS1,Sports
beIN SPORTS 1 ENGLISH,beINSPORTS1EN,https://assets.bein.com/mena/sites/3/2015/06/beIN_SPORTS1_ENGLISH_Digital_Mono.png,https://beinconnect.app/beINSPORTS1EN,Sports
beIN SPORTS 1 FRENCH,beINSPORTS1FR,https://assets.bein.com/mena/sites/3/2015/06/beIN_SPORTS1_FRENCH_Digital_Mono.png,https://beinconnect.app/beINSPORTS1FR,Sports
beIN SPORTS 2,beINSPORTS2,https://assets.bein.com/mena/sites/3/2015/06/beIN_SPORTS2_DIGITAL_Mono.png,https://beinconnect.app/beINSPORTS2,Sports
beIN SPORTS 2 ENGLISH,beINSPORTS2EN,https://assets.bein.com/mena/sites/3/2015/06/beIN_SPORTS2_ENGLISH_Digital_Mono.png,https://beinconnect.app/beINSPORTS2EN,Sports
beIN SPORTS 2 FRENCH,beINSPORTS2FR,https://assets.bein.com/mena/sites/3/2015/06/beIN_SPORTS2_FRENCH_Digital_Mono.png,https://beinconnect.app/beINSPORTS2FR,Sports
beIN SPORTS 3,beINSPORTS3,https://assets.bein.com/mena/sites/3/2015/06/beIN_SPORTS3_DIGITAL_Mono.png,https://beinconnect.app/beINSPORTS3,Sports
beIN SPORTS 5,beINSPORTS5,https://assets.bein.com/mena/sites/3/2015/06/beIN_SPORTS5_DIGITAL_Mono.png,https://beinconnect.app/beINSPORTS5,Sports
beIN SPORTS 66 DIGITAL Mono-01,beINSPORTS6,https://assets.bein.com/mena/sites/3/2021/02/beIN_SPORTS66_DIGITAL_Mono-01.png,https://beinconnect.app/beINSPORTS6,Sports
beIN SPORTS 7,beINSPORTS7,https://assets.bein.com/mena/sites/3/2015/06/beIN_SPORTS7_DIGITAL_Mono.png,https://beinconnect.app/beINSPORTS7,Sports
logos- beINSPORTS8,beINSPORTS8,https://assets.bein.com/mena/sites/3/2023/09/logos-_beINSPORTS8.png,https://beinconnect.app/beINSPORTS8,Sports
logos- beINSPORTS9,beINSPORTS9,https://assets.bein.com/mena/sites/3/2023/09/logos-_beINSPORTS9.png,https://beinconnect.app/beINSPORTS9,Sports
beIN SPORTS MAX1,beINSPORTSMAX1,https://assets.bein.com/mena/sites/3/2015/06/beIN_SPORTS_MAX1_DIGITAL_Mono.png,https://beinconnect.app/beINSPORTSMAX1,Sports
beIN SPORTS MAX2,beINSPORTSMAX2,https://assets.bein.com/mena/sites/3/2015/06/beIN_SPORTS_MAX2_DIGITAL_Mono.png,https://beinconnect.app/beINSPORTSMAX2,Sports
beIN SPORTS MAX3,beINSPORTSMAX3,https://assets.bein.com/mena/sites/3/2015/06/beIN_SPORTS_MAX3_DIGITAL_Mono.png,https://beinconnect.app/beINSPORTSMAX3,Sports
beIN SPORTS MAX4,beINSPORTSMAX4,https://assets.bein.com/mena/sites/3/2015/06/beIN_SPORTS_MAX4_DIGITAL_Mono.png,https://beinconnect.app/beINSPORTSMAX4,Sports
beIN SPORTS MAX5,beINSPORTSMAX5,https://assets.bein.com/mena/sites/3/2015/06/beIN_SPORTS_MAX5_DIGITAL_Mono.png,https://beinconnect.app/beINSPORTSMAX5,Sports
beIN SPORTS MAX6,beINSPORTSMAX6,https://assets.bein.com/mena/sites/3/2015/06/beIN_SPORTS_MAX6_DIGITAL_Mono.png,https://beinconnect.app/beINSPORTSMAX6,Sports
NEWS,beINSPORTSNews,https://assets.bein.com/mena/sites/3/2015/06/NEWS_DIGITAL_Mono.png,https://beinconnect.app/beINSPORTSNews,Sports
beIN SPORTS XTRA1,beINSPORTSXTRA1,https://assets.bein.com/mena/sites/3/2015/06/beIN_SPORTS_XTRA1_Digital_Mono.png,https://beinconnect.app/beINSPORTSXTRA1,Sports
beIN SPORTS XTRA2,beINSPORTSXTRA2,https://assets.bein.com/mena/sites/3/2015/06/beIN_SPORTS_XTRA2_Digital_Mono.png,https://beinconnect.app/beINSPORTSXTRA2,Sports
logos- beINSPORTSXTRA3,beINSPORTSXTRA3,https://assets.bein.com/mena/sites/3/2023/09/logos-_beINSPORTSXTRA3.png,https://beinconnect.app/beINSPORTSXTRA3,Sports
beIN SPORTS XTRA 04 bein.com,beINSPORTSXTRA4,https://assets.bein.com/mena/sites/3/2025/01/beIN_SPORTS_XTRA_04_bein.com_.png,https://beinconnect.app/beINSPORTSXTRA4,Sports
beIN SPORTS XTRA 05 bein.com,beINSPORTSXTRA5,https://assets.bein.com/mena/sites/3/2025/01/beIN_SPORTS_XTRA_05_bein.com_.png,https://beinconnect.app/beINSPORTSXTRA5,Sports
beIN SPORTS XTRA 06 bein.com,beINSPORTSXTRA6,https://assets.bein.com/mena/sites/3/2025/01/beIN_SPORTS_XTRA_06_bein.com_.png,https://beinconnect.app/beINSPORTSXTRA6,Sports
beIN SPORTS XTRA 07 bein.com,beINSPORTSXTRA7,https://assets.bein.com/mena/sites/3/2025/01/beIN_SPORTS_XTRA_07_bein.com_.png,https://beinconnect.app/beINSPORTSXTRA7,Sports
beIN SPORTS XTRA 08 Bein.com,beINSPORTSXTRA8,https://assets.bein.com/mena/sites/3/2025/01/beIN_SPORTS_XTRA_08_Bein.com_.png,https://beinconnect.app/beINSPORTSXTRA8,Sports
beIN SPORTS XTRA Digital 09 Bein.com,beINSPORTSXTRA9,https://assets.bein.com/mena/sites/3/2025/01/beIN_SPORTS_XTRA_Digital_09_Bein.com_.png,https://beinconnect.app/beINSPORTSXTRA9,Sports
Bloomberg-1,Bloomberg-1,https://www.bein.com/en/wp-content/uploads/sites/3/2020/06/Bloomberg-1.png,,Entertainment
BoxOffice1,BoxOffice1,https://assets.bein.com/mena/sites/3/2015/06/BoxOffice1_DIGITAL_Mono.png,,Entertainment
BoxOffice2 DIGITAL Mono.png,BoxOffice2 DIGITAL Mono.png,https://assets.bein.com/mena/sites/3/2015/06/BoxOffice2_DIGITAL_Mono.png.png,,Entertainment
Cartoon-Network-Arabic-1,Cartoon-Network-Arabic-1,https://www.bein.com/en/wp-content/uploads/sites/3/2020/06/Cartoon-Network-Arabic-1.png,,Entertainment
cartoonito,cartoonito,https://assets.bein.com/mena/sites/3/2020/06/cartoonito.png,,Entertainment
DC-Blue-new,DC-Blue-new,https://assets.bein.com/mena/sites/3/2025/02/DC-Blue-new.png,,Entertainment
Discovery-logo-1,Discovery-logo-1,https://assets.bein.com/mena/sites/3/2021/03/Discovery-logo-1.png,,Entertainment
DJ,DJ,https://assets.bein.com/mena/sites/3/2025/02/DJ.png,,Entertainment
Euro-News,Euro-News,https://www.bein.com/en/wp-content/uploads/sites/3/2020/06/Euro-News.png,,Entertainment
food-network-logo-2018-1,food-network-logo-2018-1,https://www.bein.com/en/wp-content/uploads/sites/3/2020/06/food-network-logo-2018-1.png,,Entertainment
HGTV,HGTV,https://www.bein.com/en/wp-content/uploads/sites/3/2020/06/HGTV.png,,Entertainment
Jeem-HD-1-01,JeemTV,https://assets.bein.com/mena/sites/3/2020/06/Jeem-HD-1-01.png,https://beinconnect.app/JeemTV,Entertainment
Nat geo hd,Nat geo hd,https://www.bein.com/en/wp-content/uploads/sites/3/2020/06/Nat_geo_hd.png,,Entertainment
Star Action 2024-200x200-1,Star Action 2024-200x200-1,https://assets.bein.com/mena/sites/3/2015/06/Star_Action_2024-200x200-1.png,,Entertainment
Star Movies 2024-200x200-1,Star Movies 2024-200x200-1,https://assets.bein.com/mena/sites/3/2015/06/Star_Movies_2024-200x200-1.png,,Entertainment
Star World 2024-200x200-1,Star World 2024-200x200-1,https://assets.bein.com/mena/sites/3/2015/06/Star_World_2024-200x200-1.png,,Entertainment
UPDATEz-NGW Full Logo 20182,UPDATEz-NGW Full Logo 20182,https://assets.bein.com/mena/sites/3/2020/06/UPDATEz-NGW_Full_Logo_20182.png,,Entertainment
