channel_id,channel_name,tvguide_url,xmltv_id,programmes_count
1101,Aloula Channel,https://elcinema.com/en/tvguide/1101/,elcinema.1101,23
1119,Egyptian TV Channel,https://elcinema.com/en/tvguide/1119/,elcinema.1119,23
1127,MBC Channel,https://elcinema.com/en/tvguide/1127/,elcinema.1127,60
1128,MBC 2 Channel,https://elcinema.com/en/tvguide/1128/,elcinema.1128,21
1129,MBC 4 Channel,https://elcinema.com/en/tvguide/1129/,elcinema.1129,60
1130,MBC Action Channel,https://elcinema.com/en/tvguide/1130/,elcinema.1130,17
1131,MBC Drama + Channel,https://elcinema.com/en/tvguide/1131/,elcinema.1131,44
1132,MBC MAX Channel,https://elcinema.com/en/tvguide/1132/,elcinema.1132,19
1134,ON Drama Channel,https://elcinema.com/en/tvguide/1134/,elcinema.1134,40
1135,Emirates Channel,https://elcinema.com/en/tvguide/1135/,elcinema.1135,44
1136,Abu Dhabi TV Channel,https://elcinema.com/en/tvguide/1136/,elcinema.1136,8
1137,Alhayat TV Channel,https://elcinema.com/en/tvguide/1137/,elcinema.1137,16
1145,Mehwar Channel,https://elcinema.com/en/tvguide/1145/,elcinema.1145,17
1147,Rotana Drama Channel,https://elcinema.com/en/tvguide/1147/,elcinema.1147,59
1148,Rotana Cinema Masr Channel,https://elcinema.com/en/tvguide/1148/,elcinema.1148,30
1149,Rotana Khalejia Channel,https://elcinema.com/en/tvguide/1149/,elcinema.1149,36
1156,Nile Drama Channel,https://elcinema.com/en/tvguide/1156/,elcinema.1156,58
1159,Nile Life Channel,https://elcinema.com/en/tvguide/1159/,elcinema.1159,15
1168,LBCI Channel,https://elcinema.com/en/tvguide/1168/,elcinema.1168,17
1169,Dubai TV Channel,https://elcinema.com/en/tvguide/1169/,elcinema.1169,32
1173,Dubai One Channel,https://elcinema.com/en/tvguide/1173/,elcinema.1173,8
1174,Al Kahera Wal Nas TV Channel,https://elcinema.com/en/tvguide/1174/,elcinema.1174,22
1176,Cima Channel,https://elcinema.com/en/tvguide/1176/,elcinema.1176,30
1177,Sama Dubai Channel,https://elcinema.com/en/tvguide/1177/,elcinema.1177,14
1188,Sharjah TV Channel,https://elcinema.com/en/tvguide/1188/,elcinema.1188,15
1193,Al Nahar TV Channel,https://elcinema.com/en/tvguide/1193/,elcinema.1193,18
1194,MBC Drama Channel,https://elcinema.com/en/tvguide/1194/,elcinema.1194,59
1198,CBC Channel,https://elcinema.com/en/tvguide/1198/,elcinema.1198,18
1199,CBC Drama Channel,https://elcinema.com/en/tvguide/1199/,elcinema.1199,40
1203,ON E Channel,https://elcinema.com/en/tvguide/1203/,elcinema.1203,8
1204,iFILM TV Channel,https://elcinema.com/en/tvguide/1204/,elcinema.1204,53
1205,OSN Ya Hala Channel,https://elcinema.com/en/tvguide/1205/,elcinema.1205,74
1211,OSN TV Movies Action Channel,https://elcinema.com/en/tvguide/1211/,elcinema.1211,29
1213,OSN TV Movies Premiere Channel,https://elcinema.com/en/tvguide/1213/,elcinema.1213,33
1216,Al Jadeed TV Channel,https://elcinema.com/en/tvguide/1216/,elcinema.1216,6
1217,Rotana Classic Channel,https://elcinema.com/en/tvguide/1217/,elcinema.1217,23
1223,Al Nahar Drama Channel,https://elcinema.com/en/tvguide/1223/,elcinema.1223,40
1226,Sada El Balad Channel,https://elcinema.com/en/tvguide/1226/,elcinema.1226,17
1227,Sada El Balad Drama Channel,https://elcinema.com/en/tvguide/1227/,elcinema.1227,59
1231,OSN TV Movies Comedy Channel,https://elcinema.com/en/tvguide/1231/,elcinema.1231,23
1232,OSN TV Kids Channel,https://elcinema.com/en/tvguide/1232/,elcinema.1232,54
1239,MBC Egypt Channel,https://elcinema.com/en/tvguide/1239/,elcinema.1239,39
1241,MBC 3 Channel,https://elcinema.com/en/tvguide/1241/,elcinema.1241,113
1242,Network Arabic Channel,https://elcinema.com/en/tvguide/1242/,elcinema.1242,35
1246,LDC Channel,https://elcinema.com/en/tvguide/1246/,elcinema.1246,17
1252,Al Kahera Wal Nas TV 2 Channel,https://elcinema.com/en/tvguide/1252/,elcinema.1252,21
1257,OSN TV Comedy Channel,https://elcinema.com/en/tvguide/1257/,elcinema.1257,136
1259,MBC Bollywood Channel,https://elcinema.com/en/tvguide/1259/,elcinema.1259,34
1261,Zee alwan Channel,https://elcinema.com/en/tvguide/1261/,elcinema.1261,51
1264,Al Dafrah Channel,https://elcinema.com/en/tvguide/1264/,elcinema.1264,43
1269,AlSharqiya Channel,https://elcinema.com/en/tvguide/1269/,elcinema.1269,28
1278,MBC MASR 2 Channel,https://elcinema.com/en/tvguide/1278/,elcinema.1278,41
1279,Sada El Balad 2 Channel,https://elcinema.com/en/tvguide/1279/,elcinema.1279,5
1280,TeN TV Channel,https://elcinema.com/en/tvguide/1280/,elcinema.1280,14
1283,Dubai Zaman Channel,https://elcinema.com/en/tvguide/1283/,elcinema.1283,6
1285,Osn Ya Hala Aflam Channel,https://elcinema.com/en/tvguide/1285/,elcinema.1285,33
1289,Rotana Cinema Channel,https://elcinema.com/en/tvguide/1289/,elcinema.1289,30
1290,DMC Channel,https://elcinema.com/en/tvguide/1290/,elcinema.1290,18
1292,DMC DRAMA Channel,https://elcinema.com/en/tvguide/1292/,elcinema.1292,36
1296,MTV Channel,https://elcinema.com/en/tvguide/1296/,elcinema.1296,7
1297,SBC Channel,https://elcinema.com/en/tvguide/1297/,elcinema.1297,35
1298,Amman Channel,https://elcinema.com/en/tvguide/1298/,elcinema.1298,6
1299,Roya Channel,https://elcinema.com/en/tvguide/1299/,elcinema.1299,26
1301,Alsumaria Channel,https://elcinema.com/en/tvguide/1301/,elcinema.1301,16
1302,Fujairah Channel,https://elcinema.com/en/tvguide/1302/,elcinema.1302,16
1304,Nessma Channel,https://elcinema.com/en/tvguide/1304/,elcinema.1304,20
1306,Alrasheed Channel,https://elcinema.com/en/tvguide/1306/,elcinema.1306,4
1309,beIN Drama Channel,https://elcinema.com/en/tvguide/1309/,elcinema.1309,59
1312,Al Aoula Morocco Channel,https://elcinema.com/en/tvguide/1312/,elcinema.1312,16
1313,LTV Channel,https://elcinema.com/en/tvguide/1313/,elcinema.1313,47
1314,Jordan TV Channel,https://elcinema.com/en/tvguide/1314/,elcinema.1314,11
1315,Echorouk TV Channel,https://elcinema.com/en/tvguide/1315/,elcinema.1315,12
1317,Oman Channel,https://elcinema.com/en/tvguide/1317/,elcinema.1317,46
1322,BEIN MOVIES PREMIERE Channel,https://elcinema.com/en/tvguide/1322/,elcinema.1322,22
1323,BEIN MOVIES ACTION Channel,https://elcinema.com/en/tvguide/1323/,elcinema.1323,20
1324,BEIN MOVIES DRAMA Channel,https://elcinema.com/en/tvguide/1324/,elcinema.1324,21
1325,BEIN MOVIES FAMILY Channel,https://elcinema.com/en/tvguide/1325/,elcinema.1325,25
1327,BeIn Series HD 1 Channel,https://elcinema.com/en/tvguide/1327/,elcinema.1327,58
1328,beIN Series HD 2 Channel,https://elcinema.com/en/tvguide/1328/,elcinema.1328,63
1336,Maspero Zaman Channel,https://elcinema.com/en/tvguide/1336/,elcinema.1336,42
1339,AlSaeedah Channel,https://elcinema.com/en/tvguide/1339/,elcinema.1339,22
1340,MBC Iraq Channel,https://elcinema.com/en/tvguide/1340/,elcinema.1340,52
1341,LBC Channel,https://elcinema.com/en/tvguide/1341/,elcinema.1341,38
1349,Iraqia TV Channel,https://elcinema.com/en/tvguide/1349/,elcinema.1349,15
1352,Saudiya TV Channel,https://elcinema.com/en/tvguide/1352/,elcinema.1352,28
1354,MBC 5 Channel,https://elcinema.com/en/tvguide/1354/,elcinema.1354,49
1358,Rotana Comedy Channel,https://elcinema.com/en/tvguide/1358/,elcinema.1358,29
1366,Thikrayat Tv Channel,https://elcinema.com/en/tvguide/1366/,elcinema.1366,39
1367,Utv Channel,https://elcinema.com/en/tvguide/1367/,elcinema.1367,20
1371,Mix Bel Araby Channel,https://elcinema.com/en/tvguide/1371/,elcinema.1371,50
1373,Mix ONE Channel,https://elcinema.com/en/tvguide/1373/,elcinema.1373,45
1374,Hadhramaut TV Channel,https://elcinema.com/en/tvguide/1374/,elcinema.1374,8
1382,Alaraby TV 2 Channel,https://elcinema.com/en/tvguide/1382/,elcinema.1382,4
1383,WTV Channel,https://elcinema.com/en/tvguide/1383/,elcinema.1383,9
1385,Dijlah TV Channel,https://elcinema.com/en/tvguide/1385/,elcinema.1385,0
1390,OSN TV Yahala Bil Arabi Channel,https://elcinema.com/en/tvguide/1390/,elcinema.1390,70
1391,OSN TV Movies Hollywood Channel,https://elcinema.com/en/tvguide/1391/,elcinema.1391,34
1392,OSN TV Movies Family Channel,https://elcinema.com/en/tvguide/1392/,elcinema.1392,41
1393,OSN TV One Channel,https://elcinema.com/en/tvguide/1393/,elcinema.1393,74
1394,OSN TV Showcase Channel,https://elcinema.com/en/tvguide/1394/,elcinema.1394,61
1395,OSN TV Crime Channel,https://elcinema.com/en/tvguide/1395/,elcinema.1395,71
1396,OSN TV Now Channel,https://elcinema.com/en/tvguide/1396/,elcinema.1396,77
1398,Althania Channel,https://elcinema.com/en/tvguide/1398/,elcinema.1398,27
1399,MBC Masr Drama Channel,https://elcinema.com/en/tvguide/1399/,elcinema.1399,72
1401,Masah Channel,https://elcinema.com/en/tvguide/1401/,elcinema.1401,3
1405,One Drama Channel,https://elcinema.com/en/tvguide/1405/,elcinema.1405,58
